DateTime,RawConc
2018-05-22,16.714285714285715
2018-05-23,13.958333333333334
2018-05-24,12.958333333333334
2018-05-25,18.75
2018-05-26,22.166666666666668
2018-05-27,19.666666666666668
2018-05-28,15.333333333333334
2018-05-29,14.208333333333334
2018-05-30,15.73913043478261
2018-05-31,18.375
2018-06-01,24.333333333333332
2018-06-02,15.125
2018-06-03,18.125
2018-06-04,13.272222222222222
2018-06-05,11.391304347826088
2018-06-06,12.083333333333334
2018-06-07,14.25
2018-06-08,12.416666666666666
2018-06-09,12.041666666666666
2018-06-10,19.833333333333332
2018-06-11,21.708333333333332
2018-06-12,23.375
2018-06-13,12.291666666666666
2018-06-14,12.083333333333334
2018-06-15,4.125
2018-06-16,13.708333333333334
2018-06-17,20.708333333333332
2018-06-18,17.458333333333332
2018-06-19,17.458333333333332
2018-06-20,19.75
2018-06-21,21.666666666666668
2018-06-22,16.916666666666668
2018-06-23,9.208333333333334
2018-06-24,10.291666666666666
2018-06-25,13.0
2018-06-26,14.333333333333334
2018-06-27,10.625
2018-06-28,9.916666666666666
2018-06-29,17.875
2018-06-30,18.041666666666668
2018-07-01,11.458333333333334
2018-07-02,17.625
2018-07-03,21.25
2018-07-04,26.875
2018-07-05,16.714285714285715
2018-07-06,18.291666666666668
2018-07-07,12.0
2018-07-08,12.875
2018-07-09,15.208333333333334
2018-07-10,17.833333333333332
2018-07-11,13.541666666666666
2018-07-12,26.916666666666668
2018-07-13,23.208333333333332
2018-07-14,21.541666666666668
2018-07-15,19.375
2018-07-16,19.05263157894737
2018-07-17,8.166666666666666
2018-07-18,14.583333333333334
2018-07-19,17.166666666666668
2018-07-20,19.583333333333332
2018-07-21,16.5
2018-07-22,14.166666666666666
2018-07-23,17.625
2018-07-24,17.791666666666668
2018-07-25,16.416666666666668
2018-07-26,20.041666666666668
2018-07-27,16.26086956521739
2018-07-28,15.875
2018-07-29,19.375
2018-07-30,17.541666666666668
2018-07-31,21.291666666666668
2018-08-01,20.541666666666668
2018-08-02,27.041666666666668
2018-08-03,24.458333333333332
2018-08-04,23.166666666666668
2018-08-05,12.875
2018-08-06,16.916666666666668
2018-08-07,27.333333333333332
2018-08-08,25.166666666666668
2018-08-09,28.25
2018-08-10,23.208333333333332
2018-08-11,35.666666666666664
2018-08-12,32.25
2018-08-13,17.875
2018-08-14,15.375
2018-08-15,15.083333333333334
2018-08-16,18.25
2018-08-17,15.875
2018-08-18,22.166666666666668
2018-08-19,25.083333333333332
2018-08-20,18.708333333333332
2018-08-21,22.625
2018-08-22,22.416666666666668
2018-08-23,15.083333333333334
2018-08-24,12.708333333333334
2018-08-25,13.5
2018-08-26,10.5
2018-08-27,7.041666666666667
2018-08-28,17.25
2018-08-29,25.583333333333332
2018-08-30,21.291666666666668
2018-08-31,27.08695652173913
2018-09-01,24.125
2018-09-02,19.333333333333332
2018-09-03,15.958333333333334
2018-09-04,9.0
2018-09-05,9.875
2018-09-06,18.541666666666668
2018-09-07,17.958333333333332
2018-09-08,15.666666666666666
2018-09-09,19.541666666666668
2018-09-10,17.041666666666668
2018-09-11,15.583333333333334
2018-09-12,17.75
2018-09-13,21.208333333333332
2018-09-14,14.333333333333334
2018-09-15,23.583333333333332
2018-09-16,17.083333333333332
2018-09-17,13.125
2018-09-18,14.041666666666666
2018-09-19,16.166666666666668
2018-09-20,22.166666666666668
2018-09-21,27.416666666666668
2018-09-22,25.75
2018-09-23,19.5
2018-09-24,12.958333333333334
2018-09-25,9.833333333333334
2018-09-26,7.75
2018-09-27,20.583333333333332
2018-09-28,24.458333333333332
2018-09-29,25.208333333333332
2018-09-30,10.25
2018-10-01,19.1
2018-10-02,19.875
2018-10-03,26.75
2018-10-04,19.125
2018-10-05,41.8235294117647
2018-10-06,39.833333333333336
2018-10-07,13.083333333333334
2018-10-08,20.75
2018-10-09,25.0
2018-10-10,22.875
2018-10-11,29.375
2018-10-12,34.541666666666664
2018-10-13,34.833333333333336
2018-10-14,37.583333333333336
2018-10-15,36.375
2018-10-16,36.375
2018-10-17,37.666666666666664
2018-10-18,42.375
2018-10-19,60.416666666666664
2018-10-20,44.75
2018-10-21,34.291666666666664
2018-10-22,27.3
2018-10-23,42.611111111111114
2018-10-24,63.333333333333336
2018-10-25,13.291666666666666
2018-10-26,38.708333333333336
2018-10-27,23.666666666666668
2018-10-28,5.52
2018-10-29,8.130434782608695
2018-10-30,13.625
2018-10-31,25.17391304347826
2018-11-01,31.375
2018-11-02,30.208333333333332
2018-11-03,29.0
2018-11-04,58.458333333333336
2018-11-05,88.26315789473684
2018-11-06,42.583333333333336
2018-11-07,46.0
2018-11-08,37.08695652173913
2018-11-09,58.608695652173914
2018-11-10,55.791666666666664
2018-11-11,42.583333333333336
2018-11-12,50.416666666666664
2018-11-13,75.04166666666667
2018-11-14,58.541666666666664
2018-11-15,42.791666666666664
2018-11-16,21.25
2018-11-17,11.208333333333334
2018-11-18,23.916666666666668
2018-11-19,39.208333333333336
2018-11-20,64.45833333333333
2018-11-21,62.958333333333336
2018-11-22,63.875
2018-11-23,45.583333333333336
2018-11-24,91.125
2018-11-25,120.45833333333333
2018-11-26,34.666666666666664
2018-11-27,33.125
2018-11-28,20.458333333333332
2018-11-29,19.75
2018-11-30,28.952380952380953
2018-12-01,150.83333333333334
2018-12-02,244.45833333333334
2018-12-03,266.8333333333333
2018-12-04,246.66666666666666
2018-12-05,45.083333333333336
2018-12-06,87.41666666666667
2018-12-07,176.875
2018-12-08,176.75
2018-12-09,49.666666666666664
2018-12-10,47.541666666666664
2018-12-11,48.041666666666664
2018-12-12,66.08333333333333
2018-12-13,82.54166666666667
2018-12-14,79.5
2018-12-15,33.791666666666664
2018-12-16,36.958333333333336
2018-12-17,121.25
2018-12-18,59.833333333333336
2018-12-19,72.29166666666667
2018-12-20,185.375
2018-12-21,287.6521739130435
2018-12-22,80.91666666666667
2018-12-23,112.45833333333333
2018-12-24,41.541666666666664
2018-12-25,16.291666666666668
2018-12-26,36.416666666666664
2018-12-27,163.08695652173913
2018-12-28,282.5
2018-12-29,381.9583333333333
2018-12-30,269.9583333333333
2018-12-31,32.791666666666664
2019-01-01,29.708333333333332
2019-01-02,69.375
2019-01-03,28.041666666666668
2019-01-04,61.0
2019-01-05,86.04166666666667
2019-01-06,92.16666666666667
2019-01-07,26.125
2019-01-08,149.08333333333334
2019-01-09,254.5
2019-01-10,42.958333333333336
2019-01-11,36.625
2019-01-12,81.25
2019-01-13,208.04166666666666
2019-01-14,182.25
2019-01-15,41.083333333333336
2019-01-16,126.79166666666667
2019-01-17,84.0952380952381
2019-01-18,25.791666666666668
2019-01-19,58.291666666666664
2019-01-20,94.875
2019-01-21,70.66666666666667
2019-01-22,48.8235294117647
2019-01-23,80.25
2019-01-24,47.208333333333336
2019-01-25,28.666666666666668
2019-01-26,47.916666666666664
2019-01-27,136.625
2019-01-28,40.17391304347826
2019-01-29,61.541666666666664
2019-01-30,80.33333333333333
2019-01-31,136.91666666666666
2019-02-01,10.333333333333334
2019-02-02,6.916666666666667
2019-02-03,24.875
2019-02-04,61.0
2019-02-05,56.916666666666664
2019-02-06,35.208333333333336
2019-02-07,50.0
2019-02-08,95.91666666666667
2019-02-09,68.875
2019-02-10,69.20833333333333
2019-02-11,17.0
2019-02-12,20.583333333333332
2019-02-13,18.916666666666668
2019-02-14,70.70833333333333
2019-02-15,56.333333333333336
2019-02-16,26.916666666666668
2019-02-17,40.916666666666664
2019-02-18,60.708333333333336
2019-02-19,49.608695652173914
2019-02-20,49.57142857142857
2019-02-21,68.125
2019-02-22,63.208333333333336
2019-02-23,10.541666666666666
2019-02-24,20.208333333333332
2019-02-25,25.125
2019-02-26,79.125
2019-02-27,48.166666666666664
2019-02-28,64.82608695652173
2019-03-01,55.541666666666664
2019-03-02,32.916666666666664
2019-03-03,33.708333333333336
2019-03-04,25.916666666666668
2019-03-05,24.043478260869566
2019-03-06,24.857142857142858
2019-03-07,10.083333333333334
2019-03-08,11.80952380952381
2019-03-09,15.791666666666666
2019-03-10,14.083333333333334
2019-03-11,24.041666666666668
2019-03-12,22.916666666666668
2019-03-13,31.375
2019-03-14,41.25
2019-03-15,21.958333333333332
2019-03-16,27.208333333333332
2019-03-17,20.583333333333332
2019-03-18,13.083333333333334
2019-03-19,29.791666666666668
2019-03-20,43.666666666666664
2019-03-21,40.333333333333336
2019-03-22,34.791666666666664
2019-03-23,27.958333333333332
2019-03-24,27.375
2019-03-25,26.541666666666668
2019-03-26,49.43478260869565
2019-03-27,60.208333333333336
2019-03-28,18.08695652173913
2019-03-29,28.208333333333332
2019-03-30,26.625
2019-03-31,33.130434782608695
2019-04-01,29.458333333333332
2019-04-02,35.541666666666664
2019-04-03,37.25
2019-04-04,21.583333333333332
2019-04-05,6.916666666666667
2019-04-06,25.5
2019-04-07,17.083333333333332
2019-04-08,19.875
2019-04-09,35.458333333333336
2019-04-10,34.2
2019-04-11,21.490458074534164
2019-04-12,21.490458074534164
2019-04-13,21.490458074534164
2019-04-14,21.490458074534164
2019-04-15,21.490458074534164
2019-04-16,21.490458074534164
2019-04-17,21.490458074534164
2019-04-18,21.490458074534164
2019-04-19,21.490458074534164
2019-04-20,21.490458074534164
2019-04-21,21.490458074534164
2019-04-22,21.490458074534164
2019-04-23,21.490458074534164
2019-04-24,21.490458074534164
2019-04-25,21.490458074534164
2019-04-26,21.490458074534164
2019-04-27,21.490458074534164
2019-04-28,21.490458074534164
2019-04-29,21.490458074534164
2019-04-30,21.490458074534164
2019-05-01,21.490458074534164
2019-05-02,21.490458074534164
2019-05-03,21.490458074534164
2019-05-04,21.490458074534164
2019-05-05,21.490458074534164
2019-05-06,21.490458074534164
2019-05-07,21.490458074534164
2019-05-08,21.490458074534164
2019-05-09,21.490458074534164
2019-05-10,21.490458074534164
2019-05-11,9.791666666666666
2019-05-12,12.166666666666666
2019-05-13,25.375
2019-05-14,8.833333333333334
2019-05-15,17.75
2019-05-16,20.458333333333332
2019-05-17,18.916666666666668
2019-05-18,9.666666666666666
2019-05-19,12.083333333333334
2019-05-20,9.375
2019-05-21,5.095238095238095
2019-05-22,11.91304347826087
2019-05-23,10.75
2019-05-24,11.666666666666666
2019-05-25,14.541666666666666
2019-05-26,10.291666666666666
2019-05-27,8.5
2019-05-28,6.541666666666667
2019-05-29,9.583333333333334
2019-05-30,10.375
2019-05-31,11.833333333333334
2019-06-01,15.375
2019-06-02,15.541666666666666
2019-06-03,23.583333333333332
2019-06-04,20.416666666666668
2019-06-05,11.608695652173912
2019-06-06,8.791666666666666
2019-06-07,12.958333333333334
2019-06-08,16.375
2019-06-09,21.875
2019-06-10,17.333333333333332
2019-06-11,14.11111111111111
2019-06-12,14.674662893020379
2019-06-13,14.674662893020379
2019-06-14,14.674662893020379
2019-06-15,14.674662893020379
2019-06-16,14.674662893020379
2019-06-17,14.674662893020379
2019-06-18,14.674662893020379
2019-06-19,14.674662893020379
2019-06-20,14.674662893020379
2019-06-21,14.674662893020379
2019-06-22,14.674662893020379
2019-06-23,14.674662893020379
2019-06-24,14.674662893020379
2019-06-25,14.674662893020379
2019-06-26,14.674662893020379
2019-06-27,14.674662893020379
2019-06-28,14.674662893020379
2019-06-29,14.674662893020379
2019-06-30,14.674662893020379
2019-07-01,14.674662893020379
2019-07-02,14.674662893020379
2019-07-03,14.674662893020379
2019-07-04,14.674662893020379
2019-07-05,14.674662893020379
2019-07-06,14.674662893020379
2019-07-07,14.674662893020379
2019-07-08,14.674662893020379
2019-07-09,21.571428571428573
2019-07-10,10.291666666666666
2019-07-11,12.833333333333334
2019-07-12,14.666666666666666
2019-07-13,15.375
2019-07-14,11.125
2019-07-15,15.416666666666666
2019-07-16,9.478260869565217
2019-07-17,16.875
2019-07-18,24.5
2019-07-19,19.166666666666668
2019-07-20,19.625
2019-07-21,22.458333333333332
2019-07-22,21.708333333333332
2019-07-23,13.041666666666666
2019-07-24,14.6
2019-07-25,15.409090909090908
2019-07-26,15.478260869565217
2019-07-27,11.75
2019-07-28,12.083333333333334
2019-07-29,8.666666666666666
2019-07-30,19.625
2019-07-31,22.791666666666668
2019-08-01,22.25
2019-08-02,17.458333333333332
2019-08-03,12.208333333333334
2019-08-04,12.416666666666666
2019-08-05,18.791666666666668
2019-08-06,20.25
2019-08-07,15.25
2019-08-08,18.75
2019-08-09,26.333333333333332
2019-08-10,29.75
2019-08-11,39.75
2019-08-12,34.75
2019-08-13,34.69565217391305
2019-08-14,13.041666666666666
2019-08-15,13.416666666666666
2019-08-16,19.458333333333332
2019-08-17,17.0
2019-08-18,19.208333333333332
2019-08-19,15.333333333333334
2019-08-20,11.041666666666666
2019-08-21,16.791666666666668
2019-08-22,22.708333333333332
2019-08-23,31.791666666666668
2019-08-24,30.833333333333332
2019-08-25,19.0
2019-08-26,16.916666666666668
2019-08-27,15.956521739130435
2019-08-28,16.625
2019-08-29,18.5
2019-08-30,20.916666666666668
2019-08-31,20.916666666666668
2019-09-01,20.7
2019-09-02,19.15
2019-09-03,16.333333333333332
2019-09-04,17.0
2019-09-05,23.333333333333332
2019-09-06,25.166666666666668
2019-09-07,16.31578947368421
2019-09-08,15.25
2019-09-09,10.875
2019-09-10,16.391304347826086
2019-09-11,27.833333333333332
2019-09-12,28.083333333333332
2019-09-13,18.541666666666668
2019-09-14,17.666666666666668
2019-09-15,19.291666666666668
2019-09-16,19.666666666666668
2019-09-17,20.666666666666668
2019-09-18,12.916666666666666
2019-09-19,11.166666666666666
2019-09-20,14.4
2019-09-21,19.041666666666668
2019-09-22,22.5
2019-09-23,26.041666666666668
2019-09-24,11.958333333333334
2019-09-25,24.608695652173914
2019-09-26,13.833333333333334
2019-09-27,11.291666666666666
2019-09-28,14.375
2019-09-29,15.916666666666666
2019-09-30,14.416666666666666
2019-10-01,17.708333333333332
2019-10-02,18.625
2019-10-03,10.833333333333334
2019-10-04,16.958333333333332
2019-10-05,29.291666666666668
2019-10-06,27.583333333333332
2019-10-07,17.708333333333332
2019-10-08,21.217391304347824
2019-10-09,21.7
2019-10-10,32.78260869565217
2019-10-11,18.041666666666668
2019-10-12,26.583333333333332
2019-10-13,24.375
2019-10-14,26.791666666666668
2019-10-15,25.5
2019-10-16,23.25
2019-10-17,30.416666666666668
2019-10-18,28.458333333333332
2019-10-19,24.875
2019-10-20,22.583333333333332
2019-10-21,26.333333333333332
2019-10-22,35.0
2019-10-23,42.083333333333336
2019-10-24,43.458333333333336
2019-10-25,44.583333333333336
2019-10-26,73.95833333333333
2019-10-27,75.0
2019-10-28,77.0
2019-10-29,108.0
2019-10-30,29.916666666666668
2019-10-31,23.375
2019-11-01,28.083333333333332
2019-11-02,49.75
2019-11-03,9.666666666666666
2019-11-04,11.458333333333334
2019-11-05,6.875
2019-11-06,6.375
2019-11-07,18.82608695652174
2019-11-08,25.291666666666668
2019-11-09,15.125
2019-11-10,9.666666666666666
2019-11-11,16.208333333333332
2019-11-12,41.541666666666664
2019-11-13,6.708333333333333
2019-11-14,31.333333333333332
2019-11-15,29.5
2019-11-16,14.041666666666666
2019-11-17,8.916666666666666
2019-11-18,7.291666666666667
2019-11-19,66.16666666666667
2019-11-20,66.33333333333333
2019-11-21,33.04347826086956
2019-11-22,49.916666666666664
2019-11-23,66.27272727272727
2019-11-24,13.5
2019-11-25,77.54166666666667
2019-11-26,69.08333333333333
2019-11-27,95.33333333333333
2019-11-28,20.916666666666668
2019-11-29,22.25
2019-11-30,16.041666666666668
2019-12-01,35.125
2019-12-02,41.25
2019-12-03,29.833333333333332
2019-12-04,34.91304347826087
2019-12-05,109.29166666666667
2019-12-06,219.25
2019-12-07,329.4166666666667
2019-12-08,233.54166666666666
2019-12-09,71.625
2019-12-10,20.083333333333332
2019-12-11,40.125
2019-12-12,122.83333333333333
2019-12-13,98.70833333333333
2019-12-14,28.791666666666668
2019-12-15,143.625
2019-12-16,147.0
2019-12-17,73.3913043478261
2019-12-18,69.45833333333333
2019-12-19,92.66666666666667
2019-12-20,14.708333333333334
2019-12-21,5.291666666666667
2019-12-22,5.625
2019-12-23,12.583333333333334
2019-12-24,23.791666666666668
2019-12-25,112.20833333333333
2019-12-26,48.916666666666664
2019-12-27,60.75
2019-12-28,16.916666666666668
2019-12-29,17.833333333333332
2019-12-30,22.869565217391305
2019-12-31,94.79166666666667
2020-01-01,217.79166666666666
2020-01-02,126.5
2020-01-03,165.16666666666666
2020-01-04,281.8333333333333
2020-01-05,88.875
2020-01-06,18.833333333333332
2020-01-07,105.41666666666667
2020-01-08,189.17391304347825
2020-01-09,189.41666666666666
2020-01-10,379.5833333333333
2020-01-11,476.0833333333333
2020-01-12,349.8333333333333
2020-01-13,193.0
2020-01-14,223.33333333333334
2020-01-15,209.69565217391303
2020-01-16,276.5416666666667
2020-01-17,260.7083333333333
2020-01-18,245.83333333333334
2020-01-19,215.83333333333334
2020-01-20,45.25
2020-01-21,56.125
2020-01-22,204.04347826086956
2020-01-23,238.70833333333334
2020-01-24,179.875
2020-01-25,242.66666666666666
2020-01-26,173.0
2020-01-27,229.16666666666666
2020-01-28,55.125
2020-01-29,32.041666666666664
2020-01-30,53.0
2020-01-31,43.416666666666664
2020-02-01,55.75
2020-02-02,24.583333333333332
2020-02-03,27.47826086956522
2020-02-04,18.0
2020-02-05,12.5
2020-02-06,23.625
2020-02-07,102.91666666666667
2020-02-08,137.58333333333334
2020-02-09,56.458333333333336
2020-02-10,33.708333333333336
2020-02-11,23.708333333333332
2020-02-12,14.791666666666666
2020-02-13,47.083333333333336
2020-02-14,29.217391304347824
2020-02-15,55.916666666666664
2020-02-16,48.208333333333336
2020-02-17,54.5
2020-02-18,52.75
2020-02-19,15.791666666666666
2020-02-20,14.958333333333334
2020-02-21,34.875
2020-02-22,33.541666666666664
2020-02-23,89.58333333333333
2020-02-24,50.541666666666664
2020-02-25,44.78260869565217
2020-02-26,10.416666666666666
2020-02-27,14.916666666666666
2020-02-28,14.0
2020-02-29,34.208333333333336
2020-03-01,9.875
2020-03-02,7.0
2020-03-03,10.583333333333334
2020-03-04,16.958333333333332
2020-03-05,29.695652173913043
2020-03-06,15.291666666666666
2020-03-07,17.958333333333332
2020-03-08,25.958333333333332
2020-03-09,34.625
2020-03-10,24.869565217391305
2020-03-11,39.083333333333336
2020-03-12,34.04347826086956
2020-03-13,22.833333333333332
2020-03-14,9.958333333333334
2020-03-15,16.041666666666668
2020-03-16,24.625
2020-03-17,29.125
2020-03-18,29.52173913043478
2020-03-19,29.833333333333332
2020-03-20,37.75
2020-03-21,33.083333333333336
2020-03-22,16.125
2020-03-23,11.166666666666666
2020-03-24,16.833333333333332
2020-03-25,12.041666666666666
2020-03-26,18.125
2020-03-27,31.791666666666668
2020-03-28,48.25
2020-03-29,30.956521739130434
2020-03-30,31.083333333333332
2020-03-31,14.0
2020-04-01,15.0
2020-04-02,14.583333333333334
2020-04-03,26.75
2020-04-04,19.583333333333332
2020-04-05,15.208333333333334
2020-04-06,16.291666666666668
2020-04-07,8.875
2020-04-08,13.166666666666666
2020-04-09,20.416666666666668
2020-04-10,27.291666666666668
2020-04-11,25.041666666666668
2020-04-12,18.708333333333332
2020-04-13,29.708333333333332
2020-04-14,22.125
2020-04-15,21.875
2020-04-16,20.26086956521739
2020-04-17,12.583333333333334
2020-04-18,11.666666666666666
2020-04-19,14.791666666666666
2020-04-20,14.666666666666666
2020-04-21,14.375
2020-04-22,4.916666666666667
2020-04-23,12.875
2020-04-24,15.916666666666666
2020-04-25,19.105263157894736
2020-04-26,16.125
2020-04-27,11.791666666666666
2020-04-28,9.0
2020-04-29,4.666666666666667
2020-04-30,7.521739130434782
2020-05-01,7.25
2020-05-02,7.666666666666667
2020-05-03,10.458333333333334
2020-05-04,11.958333333333334
2020-05-05,7.75
2020-05-06,5.666666666666667
2020-05-07,9.916666666666666
2020-05-08,11.916666666666666
2020-05-09,11.958333333333334
2020-05-10,6.791666666666667
2020-05-11,6.416666666666667
2020-05-12,7.958333333333333
2020-05-13,8.291666666666666
2020-05-14,11.173913043478262
2020-05-15,22.583333333333332
2020-05-16,21.958333333333332
2020-05-17,25.75
2020-05-18,39.0
2020-05-19,42.291666666666664
2020-05-20,12.666666666666666
2020-05-21,8.791666666666666
2020-05-22,12.041666666666666
2020-05-23,12.625
2020-05-24,8.666666666666666
2020-05-25,8.5
2020-05-26,8.166666666666666
2020-05-27,10.041666666666666
2020-05-28,15.043478260869565
2020-05-29,18.333333333333332
2020-05-30,14.583333333333334
2020-05-31,6.958333333333333
2020-06-01,8.75
2020-06-02,13.416666666666666
2020-06-03,8.0
2020-06-04,7.666666666666667
2020-06-05,5.826086956521739
2020-06-06,9.791666666666666
2020-06-07,8.208333333333334
2020-06-08,7.041666666666667
2020-06-09,7.333333333333333
2020-06-10,7.791666666666667
2020-06-11,5.695652173913044
2020-06-12,6.541666666666667
2020-06-13,8.25
2020-06-14,6.541666666666667
2020-06-15,5.583333333333333
2020-06-16,8.75
2020-06-17,11.583333333333334
2020-06-18,6.541666666666667
2020-06-19,5.083333333333333
2020-06-20,5.833333333333333
2020-06-21,4.875
2020-06-22,5.130434782608695
2020-06-23,7.958333333333333
2020-06-24,11.25
2020-06-25,16.08695652173913
2020-06-26,13.789473684210526
2020-06-27,8.5
2020-06-28,13.25
2020-06-29,12.291666666666666
2020-06-30,11.25
2020-07-01,12.875
2020-07-02,15.166666666666666
2020-07-03,10.291666666666666
2020-07-04,8.958333333333334
2020-07-05,14.541666666666666
2020-07-06,22.541666666666668
2020-07-07,11.125
2020-07-08,13.5
2020-07-09,13.476190476190476
2020-07-10,12.083333333333334
2020-07-11,14.291666666666666
2020-07-12,8.125
2020-07-13,7.083333333333333
2020-07-14,10.083333333333334
2020-07-15,14.666666666666666
2020-07-16,16.375
2020-07-17,17.958333333333332
2020-07-18,10.75
2020-07-19,9.041666666666666
2020-07-20,13.291666666666666
2020-07-21,18.875
2020-07-22,13.5
2020-07-23,14.91304347826087
2020-07-24,12.217391304347826
2020-07-25,9.45
2020-07-26,9.375
2020-07-27,16.541666666666668
2020-07-28,12.0
2020-07-29,17.208333333333332
2020-07-30,26.583333333333332
2020-07-31,35.041666666666664
2020-08-01,21.541666666666668
2020-08-02,14.291666666666666
2020-08-03,13.826086956521738
2020-08-04,13.583333333333334
2020-08-05,5.375
2020-08-06,9.666666666666666
2020-08-07,18.333333333333332
2020-08-08,11.125
2020-08-09,21.666666666666668
2020-08-10,14.708333333333334
2020-08-11,18.083333333333332
2020-08-12,16.708333333333332
2020-08-13,16.041666666666668
2020-08-14,16.25
2020-08-15,15.083333333333334
2020-08-16,12.5
2020-08-17,14.608695652173912
2020-08-18,14.25
2020-08-19,10.833333333333334
2020-08-20,11.416666666666666
2020-08-21,10.791666666666666
2020-08-22,10.041666666666666
2020-08-23,20.541666666666668
2020-08-24,18.458333333333332
2020-08-25,10.375
2020-08-26,12.875
2020-08-27,11.125
2020-08-28,16.041666666666668
2020-08-29,9.291666666666666
2020-08-30,8.708333333333334
2020-08-31,18.833333333333332
2020-09-01,8.0
2020-09-02,5.708333333333333
2020-09-03,13.333333333333334
2020-09-04,14.625
2020-09-05,14.041666666666666
2020-09-06,12.333333333333334
2020-09-07,20.375
2020-09-08,23.208333333333332
2020-09-09,22.791666666666668
2020-09-10,28.391304347826086
2020-09-11,25.291666666666668
2020-09-12,18.75
2020-09-13,15.458333333333334
2020-09-14,18.916666666666668
2020-09-15,18.166666666666668
2020-09-16,18.333333333333332
2020-09-17,22.291666666666668
2020-09-18,20.416666666666668
2020-09-19,11.708333333333334
2020-09-20,19.166666666666668
2020-09-21,24.217391304347824
2020-09-22,20.625
2020-09-23,12.043478260869565
2020-09-24,7.217391304347826
2020-09-25,6.416666666666667
2020-09-26,3.9444444444444446
2020-09-27,6.583333333333333
2020-09-28,4.454545454545454
2020-09-29,10.291666666666666
2020-09-30,11.125
2020-10-01,12.458333333333334
2020-10-02,14.625
2020-10-03,8.666666666666666
2020-10-04,7.833333333333333
2020-10-05,8.833333333333334
2020-10-06,8.625
2020-10-07,8.375
2020-10-08,5.708333333333333
2020-10-09,17.476190476190474
2020-10-10,27.5
2020-10-11,18.083333333333332
2020-10-12,6.208333333333333
2020-10-13,10.541666666666666
2020-10-14,22.708333333333332
2020-10-15,25.083333333333332
2020-10-16,24.083333333333332
2020-10-17,21.625
2020-10-18,13.708333333333334
2020-10-19,26.791666666666668
2020-10-20,36.541666666666664
2020-10-21,44.958333333333336
2020-10-22,42.666666666666664
2020-10-23,48.083333333333336
2020-10-24,57.208333333333336
2020-10-25,62.48
2020-10-26,22.166666666666668
2020-10-27,9.363636363636363
2020-10-28,35.458333333333336
2020-10-29,44.708333333333336
2020-10-30,39.041666666666664
2020-10-31,36.041666666666664
2020-11-01,30.541666666666668
2020-11-02,49.0
2020-11-03,56.708333333333336
2020-11-04,57.791666666666664
2020-11-05,19.217391304347824
2020-11-06,19.285714285714285
2020-11-07,11.625
2020-11-08,51.208333333333336
2020-11-09,73.79166666666667
2020-11-10,71.33333333333333
2020-11-11,34.75
2020-11-12,49.958333333333336
2020-11-13,113.78260869565217
2020-11-14,81.66666666666667
2020-11-15,133.41666666666666
2020-11-16,149.375
2020-11-17,34.208333333333336
2020-11-18,45.333333333333336
2020-11-19,80.125
2020-11-20,37.583333333333336
2020-11-21,11.291666666666666
2020-11-22,46.583333333333336
2020-11-23,123.20833333333333
2020-11-24,96.91666666666667
2020-11-25,84.91666666666667
2020-11-26,159.58333333333334
2020-11-27,251.34782608695653
2020-11-28,244.95833333333334
2020-11-29,141.75
2020-11-30,20.5
2020-12-01,61.458333333333336
2020-12-02,145.08333333333334
2020-12-03,73.79166666666667
2020-12-04,22.958333333333332
2020-12-05,7.833333333333333
2020-12-06,5.291666666666667
2020-12-07,7.7727272727272725
2020-12-08,24.75
2020-12-09,22.083333333333332
2020-12-10,58.583333333333336
2020-12-11,77.91666666666667
2020-12-12,65.625
2020-12-13,45.583333333333336
2020-12-14,37.65217391304348
2020-12-15,76.375
2020-12-16,189.70833333333334
2020-12-17,250.375
2020-12-18,205.08333333333334
2020-12-19,167.2173913043478
2020-12-20,163.20833333333334
2020-12-21,262.5416666666667
2020-12-22,287.5
2020-12-23,123.66666666666667
2020-12-24,38.5
2020-12-25,16.25
2020-12-26,27.458333333333332
2020-12-27,51.25
2020-12-28,16.0
2020-12-29,7.25
2020-12-30,35.458333333333336
2020-12-31,47.666666666666664
2021-01-01,67.95833333333333
2021-01-02,11.208333333333334
2021-01-03,14.708333333333334
2021-01-04,34.875
2021-01-05,43.375
2021-01-06,16.956521739130434
2021-01-07,48.625
2021-01-08,87.41666666666667
2021-01-09,33.083333333333336
2021-01-10,40.208333333333336
2021-01-11,35.541666666666664
2021-01-12,57.52173913043478
2021-01-13,76.45833333333333
2021-01-14,85.54166666666667
2021-01-15,57.708333333333336
2021-01-16,37.0
2021-01-17,55.25
2021-01-18,51.083333333333336
2021-01-19,165.29166666666666
2021-01-20,66.45833333333333
2021-01-21,80.83333333333333
2021-01-22,2.7916666666666665
2021-01-23,3.4583333333333335
2021-01-24,5.375
2021-01-25,17.17391304347826
2021-01-26,19.5
2021-01-27,40.541666666666664
2021-01-28,80.70833333333333
2021-01-29,57.81818181818182
2021-01-30,107.33333333333333
2021-01-31,39.541666666666664
2021-02-01,57.083333333333336
2021-02-02,119.91666666666667
2021-02-03,101.04166666666667
2021-02-04,34.875
2021-02-05,32.875
2021-02-06,26.75
2021-02-07,13.375
2021-02-08,11.608695652173912
2021-02-09,10.642857142857142
2021-02-10,13.68421052631579
2021-02-11,17.458333333333332
2021-02-12,12.833333333333334
2021-02-13,13.083333333333334
2021-02-14,21.833333333333332
2021-02-15,21.125
2021-02-16,51.833333333333336
2021-02-17,73.08333333333333
2021-02-18,57.583333333333336
2021-02-19,90.0
2021-02-20,44.625
2021-02-21,29.25
2021-02-22,27.73913043478261
2021-02-23,47.916666666666664
2021-02-24,57.333333333333336
2021-02-25,44.666666666666664
2021-02-26,44.666666666666664
2021-02-27,41.416666666666664
2021-02-28,15.791666666666666
2021-03-01,34.916666666666664
2021-03-02,30.416666666666668
2021-03-03,44.083333333333336
2021-03-04,32.958333333333336
2021-03-05,35.666666666666664
2021-03-06,12.458333333333334
2021-03-07,33.75
2021-03-08,34.904761904761905
2021-03-09,36.583333333333336
2021-03-10,29.416666666666668
2021-03-11,26.625
2021-03-12,21.375
2021-03-13,9.916666666666666
2021-03-14,7.458333333333333
2021-03-15,20.083333333333332
2021-03-16,28.458333333333332
2021-03-17,16.708333333333332
2021-03-18,30.041666666666668
2021-03-19,22.458333333333332
2021-03-20,22.416666666666668
2021-03-21,18.458333333333332
2021-03-22,21.458333333333332
2021-03-23,17.17391304347826
2021-03-24,33.375
2021-03-25,16.875
2021-03-26,46.375
2021-03-27,22.5
2021-03-28,21.82608695652174
2021-03-29,26.75
2021-03-30,25.166666666666668
2021-03-31,27.25
2021-04-01,27.333333333333332
2021-04-02,18.458333333333332
2021-04-03,15.625
2021-04-04,24.791666666666668
2021-04-05,17.083333333333332
2021-04-06,16.347826086956523
2021-04-07,18.166666666666668
2021-04-08,13.541666666666666
2021-04-09,13.75
2021-04-10,14.25
2021-04-11,19.166666666666668
2021-04-12,15.041666666666666
2021-04-13,8.416666666666666
2021-04-14,10.041666666666666
2021-04-15,13.833333333333334
2021-04-16,15.875
2021-04-17,17.833333333333332
2021-04-18,27.291666666666668
2021-04-19,25.041666666666668
2021-04-20,21.565217391304348
2021-04-21,14.625
2021-04-22,12.210526315789474
2021-04-23,11.291666666666666
2021-04-24,10.041666666666666
2021-04-25,12.0
2021-04-26,12.958333333333334
2021-04-27,8.75
2021-04-28,31.333333333333332
2021-04-29,12.083333333333334
2021-04-30,6.416666666666667
2021-05-01,11.541666666666666
2021-05-02,9.956521739130435
2021-05-03,8.916666666666666
2021-05-04,8.458333333333334
2021-05-05,3.375
2021-05-06,5.208333333333333
2021-05-07,7.238095238095238
2021-05-08,8.125
2021-05-09,11.583333333333334
2021-05-10,10.875
2021-05-11,8.375
2021-05-12,7.958333333333333
2021-05-13,4.708333333333333
2021-05-14,4.083333333333333
2021-05-15,6.916666666666667
2021-05-16,5.458333333333333
2021-05-17,5.166666666666667
2021-05-18,7.5
2021-05-19,9.625
2021-05-20,7.333333333333333
2021-05-21,13.130434782608695
2021-05-22,6.916666666666667
2021-05-23,7.166666666666667
2021-05-24,11.625
2021-05-25,10.478260869565217
2021-05-26,9.125
2021-05-27,17.083333333333332
2021-05-28,8.791666666666666
2021-05-29,7.791666666666667
2021-05-30,8.875
2021-05-31,11.166666666666666
2021-06-01,10.375
2021-06-02,14.583333333333334
2021-06-03,23.75
2021-06-04,16.875
2021-06-05,17.833333333333332
2021-06-06,13.333333333333334
2021-06-07,10.291666666666666
2021-06-08,19.391304347826086
2021-06-09,16.583333333333332
2021-06-10,19.375
2021-06-11,15.416666666666666
2021-06-12,16.291666666666668
2021-06-13,11.875
2021-06-14,9.791666666666666
2021-06-15,10.25
2021-06-16,15.125
2021-06-17,20.041666666666668
2021-06-18,21.166666666666668
2021-06-19,18.916666666666668
2021-06-20,21.125
2021-06-21,29.791666666666668
2021-06-22,30.391304347826086
2021-06-23,28.541666666666668
2021-06-24,33.458333333333336
2021-06-25,27.291666666666668
2021-06-26,16.875
2021-06-27,15.708333333333334
2021-06-28,14.875
2021-06-29,18.25
2021-06-30,19.708333333333332
2021-07-01,16.958333333333332
2021-07-02,12.833333333333334
2021-07-03,8.875
2021-07-04,12.958333333333334
2021-07-05,12.625
2021-07-06,21.875
2021-07-07,20.565217391304348
2021-07-08,19.125
2021-07-09,17.125
2021-07-10,25.666666666666668
2021-07-11,22.666666666666668
2021-07-12,16.458333333333332
2021-07-13,18.291666666666668
2021-07-14,17.708333333333332
2021-07-15,23.25
2021-07-16,21.125
2021-07-17,12.708333333333334
2021-07-18,11.583333333333334
2021-07-19,7.916666666666667
2021-07-20,12.375
2021-07-21,13.625
2021-07-22,15.0
2021-07-23,22.52173913043478
2021-07-24,28.416666666666668
2021-07-25,19.666666666666668
2021-07-26,17.75
2021-07-27,20.583333333333332
2021-07-28,19.833333333333332
2021-07-29,26.5
2021-07-30,26.916666666666668
2021-07-31,20.916666666666668
2021-08-01,17.333333333333332
2021-08-02,23.25
2021-08-03,21.041666666666668
2021-08-04,9.416666666666666
2021-08-05,18.375
2021-08-06,8.708333333333334
2021-08-07,10.041666666666666
2021-08-08,14.125
2021-08-09,22.043478260869566
2021-08-10,22.75
2021-08-11,24.583333333333332
2021-08-12,11.375
2021-08-13,10.166666666666666
2021-08-14,12.458333333333334
2021-08-15,13.291666666666666
2021-08-16,16.041666666666668
2021-08-17,20.791666666666668
2021-08-18,9.75
2021-08-19,7.583333333333333
2021-08-20,14.0
2021-08-21,14.083333333333334
2021-08-22,12.083333333333334
2021-08-23,17.26086956521739
2021-08-24,19.166666666666668
2021-08-25,9.75
2021-08-26,11.791666666666666
2021-08-27,11.916666666666666
2021-08-28,9.958333333333334
2021-08-29,8.541666666666666
2021-08-30,10.25
2021-08-31,9.708333333333334
2021-09-01,12.333333333333334
2021-09-02,10.176470588235293
2021-09-03,14.6875
2021-09-04,14.791666666666666
2021-09-05,13.222222222222221
2021-09-06,11.6
2021-09-07,14.083333333333334
2021-09-08,14.656488289760349
2021-09-09,14.656488289760349
2021-09-10,14.656488289760349
2021-09-11,14.656488289760349
2021-09-12,14.656488289760349
2021-09-13,14.656488289760349
2021-09-14,17.9
2021-09-15,14.791666666666666
2021-09-16,19.5
2021-09-17,20.958333333333332
2021-09-18,10.333333333333334
2021-09-19,13.833333333333334
2021-09-20,10.5
2021-09-21,9.875
2021-09-22,15.041666666666666
2021-09-23,12.208333333333334
2021-09-24,15.5
2021-09-25,14.75
2021-09-26,20.5
2021-09-27,25.791666666666668
2021-09-28,20.041666666666668
2021-09-29,15.0
2021-09-30,19.208333333333332
2021-10-01,8.625
2021-10-02,16.125
2021-10-03,17.625
2021-10-04,13.791666666666666
2021-10-05,13.541666666666666
2021-10-06,13.666666666666666
2021-10-07,9.875
2021-10-08,5.958333333333333
2021-10-09,5.958333333333333
2021-10-10,13.208333333333334
2021-10-11,14.791666666666666
2021-10-12,19.166666666666668
2021-10-13,20.8
2021-10-14,20.958333333333332
2021-10-15,17.375
2021-10-16,34.17391304347826
2021-10-17,34.583333333333336
2021-10-18,57.708333333333336
2021-10-19,53.375
2021-10-20,60.166666666666664
2021-10-21,24.625
2021-10-22,46.458333333333336
2021-10-23,34.0
2021-10-24,14.875
2021-10-25,36.25
2021-10-26,64.66666666666667
2021-10-27,74.91666666666667
2021-10-28,64.79166666666667
2021-10-29,99.33333333333333
2021-10-30,122.75
2021-10-31,92.28
2021-11-01,49.125
2021-11-02,20.217391304347824
2021-11-03,9.541666666666666
2021-11-04,8.166666666666666
2021-11-05,16.272727272727273
2021-11-06,18.958333333333332
2021-11-07,68.58333333333333
2021-11-08,45.78260869565217
2021-11-09,31.652173913043477
2021-11-10,63.47826086956522
2021-11-11,132.95833333333334
2021-11-12,87.29166666666667
2021-11-13,96.08333333333333
2021-11-14,124.33333333333333
2021-11-15,57.5
2021-11-16,57.75
2021-11-17,71.04166666666667
2021-11-18,68.5
2021-11-19,54.833333333333336
2021-11-20,92.04166666666667
2021-11-21,114.625
2021-11-22,210.91304347826087
2021-11-23,26.875
2021-11-24,17.583333333333332
2021-11-25,79.08333333333333
2021-11-26,13.5
2021-11-27,7.958333333333333
2021-11-28,6.739130434782608
2021-11-29,23.125
2021-11-30,31.958333333333332
2021-12-01,30.833333333333332
2021-12-02,8.166666666666666
2021-12-03,32.25
2021-12-04,55.583333333333336
2021-12-05,56.583333333333336
2021-12-06,41.0
2021-12-07,23.791666666666668
2021-12-08,68.21739130434783
2021-12-09,20.0
2021-12-10,53.625
2021-12-11,20.041666666666668
2021-12-12,16.166666666666668
2021-12-13,37.208333333333336
2021-12-14,55.166666666666664
2021-12-15,103.79166666666667
2021-12-16,77.70833333333333
2021-12-17,34.625
2021-12-18,25.625
2021-12-19,106.79166666666667
2021-12-20,107.625
2021-12-21,26.391304347826086
2021-12-22,61.416666666666664
2021-12-23,114.95652173913044
2021-12-24,45.375
2021-12-25,5.333333333333333
2021-12-26,15.583333333333334
2021-12-27,43.791666666666664
2021-12-28,94.20833333333333
2021-12-29,90.0
2021-12-30,50.875
2021-12-31,79.0
2022-01-01,148.25
2022-01-02,183.45833333333334
2022-01-03,113.33333333333333
2022-01-04,63.608695652173914
2022-01-05,6.25
2022-01-06,24.958333333333332
2022-01-07,57.875
2022-01-08,74.58333333333333
2022-01-09,60.125
2022-01-10,37.916666666666664
2022-01-11,31.5
2022-01-12,25.083333333333332
2022-01-13,52.166666666666664
2022-01-14,152.125
2022-01-15,237.33333333333334
2022-01-16,186.875
2022-01-17,251.5
2022-01-18,61.130434782608695
2022-01-19,73.70833333333333
2022-01-20,88.33333333333333
2022-01-21,27.666666666666668
2022-01-22,78.54166666666667
2022-01-23,31.625
2022-01-24,23.958333333333332
2022-01-25,65.83333333333333
2022-01-26,201.41666666666666
2022-01-27,172.33333333333334
2022-01-28,204.75
2022-01-29,54.333333333333336
2022-01-30,102.375
2022-01-31,133.8695652173913
2022-02-01,24.083333333333332
2022-02-02,60.5
2022-02-03,17.583333333333332
2022-02-04,51.708333333333336
2022-02-05,139.58333333333334
2022-02-06,66.5
2022-02-07,18.041666666666668
2022-02-08,23.708333333333332
2022-02-09,77.33333333333333
2022-02-10,98.45833333333333
2022-02-11,58.0
2022-02-12,15.583333333333334
2022-02-13,37.916666666666664
2022-02-14,53.55
2022-02-15,32.916666666666664
2022-02-16,26.25
2022-02-17,42.583333333333336
2022-02-18,23.75
2022-02-19,37.208333333333336
2022-02-20,34.333333333333336
2022-02-21,45.666666666666664
2022-02-22,15.291666666666666
2022-02-23,22.791666666666668
2022-02-24,34.791666666666664
2022-02-25,32.916666666666664
2022-02-26,19.791666666666668
2022-02-27,21.125
2022-02-28,18.875
2022-03-01,21.916666666666668
2022-03-02,34.95238095238095
2022-03-03,33.458333333333336
2022-03-04,37.791666666666664
2022-03-05,31.708333333333332
2022-03-06,34.375
2022-03-07,37.083333333333336
2022-03-08,27.958333333333332
2022-03-09,33.958333333333336
2022-03-10,32.916666666666664
2022-03-11,23.291666666666668
2022-03-12,27.125
2022-03-13,29.0
2022-03-14,38.869565217391305
2022-03-15,44.5
2022-03-16,33.041666666666664
2022-03-17,28.833333333333332
2022-03-18,18.916666666666668
2022-03-19,18.0
2022-03-20,13.0
2022-03-21,28.25
2022-03-22,44.25
2022-03-23,45.291666666666664
2022-03-24,41.541666666666664
2022-03-25,34.416666666666664
2022-03-26,34.416666666666664
2022-03-27,35.95652173913044
2022-03-28,46.5
2022-03-29,46.91304347826087
2022-03-30,26.208333333333332
2022-03-31,5.75
2022-04-01,6.0
2022-04-02,5.125
2022-04-03,15.75
2022-04-04,24.708333333333332
2022-04-05,18.333333333333332
2022-04-06,18.041666666666668
2022-04-07,14.083333333333334
2022-04-08,14.375
2022-04-09,8.708333333333334
2022-04-10,16.666666666666668
2022-04-11,28.043478260869566
2022-04-12,22.333333333333332
2022-04-13,20.25
2022-04-14,18.0
2022-04-15,21.791666666666668
2022-04-16,15.291666666666666
2022-04-17,10.625
2022-04-18,8.791666666666666
2022-04-19,19.0
2022-04-20,13.458333333333334
2022-04-21,31.416666666666668
2022-04-22,12.125
2022-04-23,11.458333333333334
2022-04-24,11.291666666666666
2022-04-25,4.739130434782608
2022-04-26,10.333333333333334
2022-04-27,11.208333333333334
2022-04-28,12.541666666666666
2022-04-29,17.608695652173914
2022-04-30,14.458333333333334
2022-05-01,16.916666666666668
2022-05-02,17.208333333333332
2022-05-03,18.958333333333332
2022-05-04,17.708333333333332
2022-05-05,16.25
2022-05-06,17.916666666666668
2022-05-07,16.791666666666668
2022-05-08,15.083333333333334
2022-05-09,18.583333333333332
2022-05-10,18.782608695652176
2022-05-11,15.833333333333334
2022-05-12,14.916666666666666
2022-05-13,17.458333333333332
2022-05-14,17.0
2022-05-15,14.166666666666666
2022-05-16,13.125
2022-05-17,12.833333333333334
2022-05-18,13.041666666666666
2022-05-19,8.541666666666666
2022-05-20,11.541666666666666
2022-05-21,15.0
2022-05-22,14.125
2022-05-23,16.833333333333332
2022-05-24,14.625
2022-05-25,16.125
2022-05-26,17.043478260869566
2022-05-27,23.791666666666668
2022-05-28,14.958333333333334
2022-05-29,9.75
2022-05-30,15.25
2022-05-31,12.041666666666666
2022-06-01,16.708333333333332
2022-06-02,18.083333333333332
2022-06-03,21.333333333333332
2022-06-04,22.166666666666668
2022-06-05,19.333333333333332
2022-06-06,16.416666666666668
2022-06-07,18.583333333333332
2022-06-08,14.5
2022-06-09,6.916666666666667
2022-06-10,12.26086956521739
2022-06-11,13.208333333333334
2022-06-12,19.916666666666668
2022-06-13,17.75
2022-06-14,12.333333333333334
2022-06-15,14.416666666666666
2022-06-16,13.625
2022-06-17,16.166666666666668
2022-06-18,11.416666666666666
2022-06-19,11.041666666666666
2022-06-20,11.125
2022-06-21,16.916666666666668
2022-06-22,24.416666666666668
2022-06-23,18.75
2022-06-24,18.208333333333332
2022-06-25,19.583333333333332
2022-06-26,10.833333333333334
2022-06-27,15.791666666666666
2022-06-28,24.26086956521739
2022-06-29,18.0
2022-06-30,19.666666666666668
2022-07-01,18.5
2022-07-02,19.75
2022-07-03,18.708333333333332
2022-07-04,25.5
2022-07-05,24.541666666666668
2022-07-06,15.416666666666666
2022-07-07,10.625
2022-07-08,13.416666666666666
2022-07-09,7.583333333333333
2022-07-10,8.291666666666666
2022-07-11,5.041666666666667
2022-07-12,8.5
2022-07-13,8.916666666666666
2022-07-14,13.0
2022-07-15,16.608695652173914
2022-07-16,14.958333333333334
2022-07-17,14.875
2022-07-18,9.5
2022-07-19,14.666666666666666
2022-07-20,19.791666666666668
2022-07-21,15.625
2022-07-22,19.166666666666668
2022-07-23,21.416666666666668
2022-07-24,20.541666666666668
2022-07-25,20.041666666666668
2022-07-26,20.708333333333332
2022-07-27,16.666666666666668
2022-07-28,13.25
2022-07-29,18.434782608695652
2022-07-30,30.333333333333332
2022-07-31,10.125
2022-08-01,12.625
2022-08-02,14.291666666666666
2022-08-03,15.5
2022-08-04,21.416666666666668
2022-08-05,19.347826086956523
2022-08-06,14.416666666666666
2022-08-07,12.958333333333334
2022-08-08,15.458333333333334
2022-08-09,11.666666666666666
2022-08-10,19.083333333333332
2022-08-11,11.875
2022-08-12,14.166666666666666
2022-08-13,15.0
2022-08-14,19.75
2022-08-15,12.75
2022-08-16,12.958333333333334
2022-08-17,15.625
2022-08-18,15.666666666666666
2022-08-19,20.958333333333332
2022-08-20,22.208333333333332
2022-08-21,8.625
2022-08-22,5.791666666666667
2022-08-23,11.875
2022-08-24,15.75
2022-08-25,16.25
2022-08-26,22.541666666666668
2022-08-27,16.833333333333332
2022-08-28,13.166666666666666
2022-08-29,12.916666666666666
2022-08-30,11.291666666666666
2022-08-31,12.416666666666666
2022-09-01,14.521739130434783
2022-09-02,7.458333333333333
2022-09-03,14.708333333333334
2022-09-04,16.041666666666668
2022-09-05,24.75
2022-09-06,24.083333333333332
2022-09-07,15.791666666666666
2022-09-08,12.041666666666666
2022-09-09,9.875
2022-09-10,10.833333333333334
2022-09-11,9.958333333333334
2022-09-12,12.916666666666666
2022-09-13,10.875
2022-09-14,12.458333333333334
2022-09-15,11.541666666666666
2022-09-16,8.375
2022-09-17,8.125
2022-09-18,6.541666666666667
2022-09-19,10.6
2022-09-20,13.416666666666666
2022-09-21,13.5
2022-09-22,18.166666666666668
2022-09-23,17.833333333333332
2022-09-24,18.375
2022-09-25,13.875
2022-09-26,26.958333333333332
2022-09-27,13.791666666666666
2022-09-28,9.083333333333334
2022-09-29,7.666666666666667
2022-09-30,8.666666666666666
2022-10-01,8.5
2022-10-02,9.291666666666666
2022-10-03,13.5
2022-10-04,15.173913043478262
2022-10-05,16.125
2022-10-06,21.0
2022-10-07,29.875
2022-10-08,32.375
2022-10-09,36.375
2022-10-10,43.458333333333336
2022-10-11,48.208333333333336
2022-10-12,42.458333333333336
2022-10-13,40.583333333333336
2022-10-14,30.347826086956523
2022-10-15,28.083333333333332
2022-10-16,28.541666666666668
2022-10-17,27.458333333333332
2022-10-18,26.583333333333332
2022-10-19,30.708333333333332
2022-10-20,22.958333333333332
2022-10-21,39.083333333333336
2022-10-22,31.375
2022-10-23,26.416666666666668
2022-10-24,35.416666666666664
2022-10-25,42.375
2022-10-26,37.583333333333336
2022-10-27,35.666666666666664
2022-10-28,34.21739130434783
2022-10-29,36.25
2022-10-30,43.24
2022-10-31,45.791666666666664
2022-11-01,47.166666666666664
2022-11-02,51.291666666666664
2022-11-03,52.56521739130435
2022-11-04,35.083333333333336
2022-11-05,14.25
2022-11-06,20.041666666666668
2022-11-07,37.17391304347826
2022-11-08,18.94736842105263
2022-11-09,94.33333333333333
2022-11-10,86.29166666666667
2022-11-11,59.875
2022-11-12,40.25
2022-11-13,45.583333333333336
2022-11-14,89.33333333333333
2022-11-15,56.916666666666664
2022-11-16,48.708333333333336
2022-11-17,39.75
2022-11-18,20.666666666666668
2022-11-19,39.625
2022-11-20,17.0
2022-11-21,21.0
2022-11-22,18.5
2022-11-23,12.166666666666666
2022-11-24,50.708333333333336
2022-11-25,92.125
2022-11-26,98.45833333333333
2022-11-27,125.75
2022-11-28,48.34782608695652
2022-11-29,80.16666666666667
2022-11-30,64.70833333333333
2022-12-01,40.375
2022-12-02,63.875
2022-12-03,120.125
2022-12-04,50.041666666666664
2022-12-05,50.625
2022-12-06,37.416666666666664
2022-12-07,68.91666666666667
2022-12-08,47.0
2022-12-09,35.75
2022-12-10,17.375
2022-12-11,18.875
2022-12-12,27.416666666666668
2022-12-13,60.375
2022-12-14,118.08333333333333
2022-12-15,138.43478260869566
2022-12-16,16.458333333333332
2022-12-17,17.541666666666668
2022-12-18,36.833333333333336
2022-12-19,51.708333333333336
2022-12-20,115.125
2022-12-21,143.70833333333334
2022-12-22,180.83333333333334
2022-12-23,200.70833333333334
2022-12-24,146.875
2022-12-25,94.20833333333333
2022-12-26,74.5
2022-12-27,38.541666666666664
2022-12-28,40.75
2022-12-29,85.0
2022-12-30,112.17391304347827
2022-12-31,101.08333333333333
2023-01-01,129.41666666666666
2023-01-02,158.29166666666666
2023-01-03,166.79166666666666
2023-01-04,153.16666666666666
2023-01-05,125.29166666666667
2023-01-06,157.95833333333334
2023-01-07,164.08333333333334
2023-01-08,138.125
2023-01-09,7.833333333333333
2023-01-10,11.625
2023-01-11,17.541666666666668
2023-01-12,70.52380952380952
2023-01-13,43.916666666666664
2023-01-14,89.95833333333333
2023-01-15,66.41666666666667
2023-01-16,45.416666666666664
2023-01-17,8.791666666666666
2023-01-18,4.173913043478261
2023-01-19,15.5
2023-01-20,20.875
2023-01-21,23.708333333333332
2023-01-22,64.66666666666667
2023-01-23,109.25
2023-01-24,152.04166666666666
2023-01-25,54.791666666666664
2023-01-26,33.416666666666664
2023-01-27,20.208333333333332
2023-01-28,34.083333333333336
2023-01-29,38.083333333333336
2023-01-30,57.608695652173914
2023-01-31,91.95833333333333
2023-02-01,74.5
2023-02-02,69.08333333333333
2023-02-03,30.708333333333332
2023-02-04,28.375
2023-02-05,8.958333333333334
2023-02-06,12.875
2023-02-07,20.083333333333332
2023-02-08,38.5
2023-02-09,28.625
2023-02-10,55.041666666666664
2023-02-11,69.58333333333333
2023-02-12,149.5
2023-02-13,121.75
2023-02-14,112.95652173913044
2023-02-15,31.869565217391305
2023-02-16,62.73913043478261
2023-02-17,49.333333333333336
2023-02-18,52.291666666666664
2023-02-19,29.708333333333332
2023-02-20,32.041666666666664
2023-02-21,26.541666666666668
2023-02-22,30.458333333333332
2023-02-23,33.916666666666664
2023-02-24,22.391304347826086
2023-02-25,8.708333333333334
2023-02-26,9.916666666666666
2023-02-27,39.208333333333336
2023-02-28,42.458333333333336
2023-03-01,68.0
2023-03-02,98.70833333333333
2023-03-03,104.125
2023-03-04,82.29166666666667
2023-03-05,55.083333333333336
2023-03-06,40.04347826086956
2023-03-07,13.041666666666666
2023-03-08,14.708333333333334
2023-03-09,8.045454545454545
2023-03-10,25.708333333333332
2023-03-11,12.75
2023-03-12,15.5
2023-03-13,22.291666666666668
2023-03-14,19.3125
2023-03-15,7.391304347826087
2023-03-16,17.0
2023-03-17,20.17391304347826
2023-03-18,28.333333333333332
2023-03-19,21.5
2023-03-20,26.0
2023-03-21,30.833333333333332
2023-03-22,22.0
2023-03-23,20.583333333333332
2023-03-24,14.541666666666666
2023-03-25,13.041666666666666
2023-03-26,9.043478260869565
2023-03-27,5.541666666666667
2023-03-28,7.708333333333333
2023-03-29,20.583333333333332
2023-03-30,13.208333333333334
2023-03-31,9.166666666666666
2023-04-01,8.708333333333334
2023-04-02,16.666666666666668
2023-04-03,13.391304347826088
2023-04-04,16.208333333333332
2023-04-05,22.166666666666668
2023-04-06,23.291666666666668
2023-04-07,31.541666666666668
2023-04-08,21.208333333333332
2023-04-09,25.333333333333332
2023-04-10,29.291666666666668
2023-04-11,43.208333333333336
2023-04-12,15.5
2023-04-13,13.458333333333334
2023-04-14,5.0
2023-04-15,9.125
2023-04-16,9.666666666666666
2023-04-17,21.083333333333332
2023-04-18,20.708333333333332
2023-04-19,18.73913043478261
2023-04-20,13.166666666666666
2023-04-21,14.541666666666666
2023-04-22,16.708333333333332
2023-04-23,14.083333333333334
2023-04-24,9.166666666666666
2023-04-25,8.458333333333334
2023-04-26,8.583333333333334
2023-04-27,9.625
2023-04-28,12.625
2023-04-29,12.458333333333334
2023-04-30,15.083333333333334
2023-05-01,10.666666666666666
2023-05-02,11.0
2023-05-03,17.166666666666668
2023-05-04,19.25
2023-05-05,17.375
2023-05-06,12.791666666666666
2023-05-07,10.291666666666666
2023-05-08,10.695652173913043
2023-05-09,7.291666666666667
2023-05-10,11.5
